pers;center_x;center_y;storona
Oyuun;3860.5522656344415;162.89999999850977;0
Sinhelm;-157.0762403417826;158.0;1
Bratislav;4000;163;0
